<?xml version="1.0" encoding="UTF-8"?>
<metadata xml:lang="nl"><Esri><CreaDate>20130122</CreaDate><CreaTime>16425900</CreaTime><ArcGISFormat>1.0</ArcGISFormat><SyncOnce>TRUE</SyncOnce><DataProperties><lineage><Process ToolSource="c:\program files\arcgis\desktop10.0\ArcToolbox\Toolboxes\Data Management Tools.tbx\Append" Date="20130122" Time="164259">Append 'D:\Buurtkaart\publicatie jan 2013\Buurt_2012\shape 2012 versie 1.0\gem_2012_v1water.shp' "D:\Buurtkaart\publicatie jan 2013\Buurt_2012\shape 2012 versie 1.0\gem_2012_v1.shp" NO_TEST "GM_CODE "GM_CODE" true false false 6 Text 0 0 ,First,#,D:\Buurtkaart\publicatie jan 2013\Buurt_2012\shape 2012 versie 1.0\gem_2012_v1water.shp,GM_CODE,-1,-1;GM_NAAM "GM_NAAM" true false false 60 Text 0 0 ,First,#,D:\Buurtkaart\publicatie jan 2013\Buurt_2012\shape 2012 versie 1.0\gem_2012_v1water.shp,GM_NAAM,-1,-1;WATER "WATER" true false false 4 Text 0 0 ,First,#,D:\Buurtkaart\publicatie jan 2013\Buurt_2012\shape 2012 versie 1.0\gem_2012_v1water.shp,WATER,-1,-1;OAD "OAD" true false false 10 Double 0 10 ,First,#,D:\Buurtkaart\publicatie jan 2013\Buurt_2012\shape 2012 versie 1.0\gem_2012_v1water.shp,OAD,-1,-1;STED "STED" true false false 10 Double 0 10 ,First,#,D:\Buurtkaart\publicatie jan 2013\Buurt_2012\shape 2012 versie 1.0\gem_2012_v1water.shp,STED,-1,-1;AANT_INW "AANT_INW" true false false 10 Double 0 10 ,First,#,D:\Buurtkaart\publicatie jan 2013\Buurt_2012\shape 2012 versie 1.0\gem_2012_v1water.shp,AANT_INW,-1,-1;AANT_MAN "AANT_MAN" true false false 10 Double 0 10 ,First,#,D:\Buurtkaart\publicatie jan 2013\Buurt_2012\shape 2012 versie 1.0\gem_2012_v1water.shp,AANT_MAN,-1,-1;AANT_VROUW "AANT_VROUW" true false false 10 Double 0 10 ,First,#,D:\Buurtkaart\publicatie jan 2013\Buurt_2012\shape 2012 versie 1.0\gem_2012_v1water.shp,AANT_VROUW,-1,-1;P_00_14_JR "P_00_14_JR" true false false 10 Double 0 10 ,First,#,D:\Buurtkaart\publicatie jan 2013\Buurt_2012\shape 2012 versie 1.0\gem_2012_v1water.shp,P_00_14_JR,-1,-1;P_15_24_JR "P_15_24_JR" true false false 10 Double 0 10 ,First,#,D:\Buurtkaart\publicatie jan 2013\Buurt_2012\shape 2012 versie 1.0\gem_2012_v1water.shp,P_15_24_JR,-1,-1;P_25_44_JR "P_25_44_JR" true false false 10 Double 0 10 ,First,#,D:\Buurtkaart\publicatie jan 2013\Buurt_2012\shape 2012 versie 1.0\gem_2012_v1water.shp,P_25_44_JR,-1,-1;P_45_64_JR "P_45_64_JR" true false false 10 Double 0 10 ,First,#,D:\Buurtkaart\publicatie jan 2013\Buurt_2012\shape 2012 versie 1.0\gem_2012_v1water.shp,P_45_64_JR,-1,-1;P_65_EO_JR "P_65_EO_JR" true false false 10 Double 0 10 ,First,#,D:\Buurtkaart\publicatie jan 2013\Buurt_2012\shape 2012 versie 1.0\gem_2012_v1water.shp,P_65_EO_JR,-1,-1;P_ONGEHUWD "P_ONGEHUWD" true false false 10 Double 0 10 ,First,#,D:\Buurtkaart\publicatie jan 2013\Buurt_2012\shape 2012 versie 1.0\gem_2012_v1water.shp,P_ONGEHUWD,-1,-1;P_GEHUWD "P_GEHUWD" true false false 10 Double 0 10 ,First,#,D:\Buurtkaart\publicatie jan 2013\Buurt_2012\shape 2012 versie 1.0\gem_2012_v1water.shp,P_GEHUWD,-1,-1;P_GESCHEID "P_GESCHEID" true false false 10 Double 0 10 ,First,#,D:\Buurtkaart\publicatie jan 2013\Buurt_2012\shape 2012 versie 1.0\gem_2012_v1water.shp,P_GESCHEID,-1,-1;P_VERWEDUW "P_VERWEDUW" true false false 10 Double 0 10 ,First,#,D:\Buurtkaart\publicatie jan 2013\Buurt_2012\shape 2012 versie 1.0\gem_2012_v1water.shp,P_VERWEDUW,-1,-1;BEV_DICHTH "BEV_DICHTH" true false false 10 Double 0 10 ,First,#,D:\Buurtkaart\publicatie jan 2013\Buurt_2012\shape 2012 versie 1.0\gem_2012_v1water.shp,BEV_DICHTH,-1,-1;AANTAL_HH "AANTAL_HH" true false false 10 Double 0 10 ,First,#,D:\Buurtkaart\publicatie jan 2013\Buurt_2012\shape 2012 versie 1.0\gem_2012_v1water.shp,AANTAL_HH,-1,-1;P_EENP_HH "P_EENP_HH" true false false 10 Double 0 10 ,First,#,D:\Buurtkaart\publicatie jan 2013\Buurt_2012\shape 2012 versie 1.0\gem_2012_v1water.shp,P_EENP_HH,-1,-1;P_HH_Z_K "P_HH_Z_K" true false false 10 Double 0 10 ,First,#,D:\Buurtkaart\publicatie jan 2013\Buurt_2012\shape 2012 versie 1.0\gem_2012_v1water.shp,P_HH_Z_K,-1,-1;P_HH_M_K "P_HH_M_K" true false false 10 Double 0 10 ,First,#,D:\Buurtkaart\publicatie jan 2013\Buurt_2012\shape 2012 versie 1.0\gem_2012_v1water.shp,P_HH_M_K,-1,-1;GEM_HH_GR "GEM_HH_GR" true false false 11 Double 1 10 ,First,#,D:\Buurtkaart\publicatie jan 2013\Buurt_2012\shape 2012 versie 1.0\gem_2012_v1water.shp,GEM_HH_GR,-1,-1;P_WEST_AL "P_WEST_AL" true false false 10 Double 0 10 ,First,#,D:\Buurtkaart\publicatie jan 2013\Buurt_2012\shape 2012 versie 1.0\gem_2012_v1water.shp,P_WEST_AL,-1,-1;P_N_W_AL "P_N_W_AL" true false false 10 Double 0 10 ,First,#,D:\Buurtkaart\publicatie jan 2013\Buurt_2012\shape 2012 versie 1.0\gem_2012_v1water.shp,P_N_W_AL,-1,-1;P_MAROKKO "P_MAROKKO" true false false 10 Double 0 10 ,First,#,D:\Buurtkaart\publicatie jan 2013\Buurt_2012\shape 2012 versie 1.0\gem_2012_v1water.shp,P_MAROKKO,-1,-1;P_ANT_ARU "P_ANT_ARU" true false false 10 Double 0 10 ,First,#,D:\Buurtkaart\publicatie jan 2013\Buurt_2012\shape 2012 versie 1.0\gem_2012_v1water.shp,P_ANT_ARU,-1,-1;P_SURINAM "P_SURINAM" true false false 10 Double 0 10 ,First,#,D:\Buurtkaart\publicatie jan 2013\Buurt_2012\shape 2012 versie 1.0\gem_2012_v1water.shp,P_SURINAM,-1,-1;P_TURKIJE "P_TURKIJE" true false false 10 Double 0 10 ,First,#,D:\Buurtkaart\publicatie jan 2013\Buurt_2012\shape 2012 versie 1.0\gem_2012_v1water.shp,P_TURKIJE,-1,-1;P_OVER_NW "P_OVER_NW" true false false 10 Double 0 10 ,First,#,D:\Buurtkaart\publicatie jan 2013\Buurt_2012\shape 2012 versie 1.0\gem_2012_v1water.shp,P_OVER_NW,-1,-1;AUTO_TOT "AUTO_TOT" true false false 10 Double 0 10 ,First,#,D:\Buurtkaart\publicatie jan 2013\Buurt_2012\shape 2012 versie 1.0\gem_2012_v1water.shp,AUTO_TOT,-1,-1;AUTO_HH "AUTO_HH" true false false 11 Double 1 10 ,First,#,D:\Buurtkaart\publicatie jan 2013\Buurt_2012\shape 2012 versie 1.0\gem_2012_v1water.shp,AUTO_HH,-1,-1;AUTO_LAND "AUTO_LAND" true false false 10 Double 0 10 ,First,#,D:\Buurtkaart\publicatie jan 2013\Buurt_2012\shape 2012 versie 1.0\gem_2012_v1water.shp,AUTO_LAND,-1,-1;BEDR_AUTO "BEDR_AUTO" true false false 10 Double 0 10 ,First,#,D:\Buurtkaart\publicatie jan 2013\Buurt_2012\shape 2012 versie 1.0\gem_2012_v1water.shp,BEDR_AUTO,-1,-1;MOTOR_2W "MOTOR_2W" true false false 10 Double 0 10 ,First,#,D:\Buurtkaart\publicatie jan 2013\Buurt_2012\shape 2012 versie 1.0\gem_2012_v1water.shp,MOTOR_2W,-1,-1;OPP_TOT "OPP_TOT" true false false 10 Double 0 10 ,First,#,D:\Buurtkaart\publicatie jan 2013\Buurt_2012\shape 2012 versie 1.0\gem_2012_v1water.shp,OPP_TOT,-1,-1;OPP_LAND "OPP_LAND" true false false 10 Double 0 10 ,First,#,D:\Buurtkaart\publicatie jan 2013\Buurt_2012\shape 2012 versie 1.0\gem_2012_v1water.shp,OPP_LAND,-1,-1;OPP_WATER "OPP_WATER" true false false 10 Double 0 10 ,First,#,D:\Buurtkaart\publicatie jan 2013\Buurt_2012\shape 2012 versie 1.0\gem_2012_v1water.shp,OPP_WATER,-1,-1" #</Process></lineage></DataProperties></Esri></metadata>
